Timestamp,Sensor,X,Y,Z
72713.222342318,Accelerometer,-1.27,8.89,3.69
72713.414895026,Accelerometer,-1.14,8.91,3.57
72713.607447735,Accelerometer,-1.25,8.94,3.7
72713.800000443,Accelerometer,-1.54,8.81,3.23
72713.992553151,Accelerometer,-1.67,8.94,3.44
72714.185105964,Accelerometer,-1.35,8.88,3.57
72714.377658672,Accelerometer,-1.86,8.87,3.46
72714.570211485,Accelerometer,-1.75,8.87,3.47
72714.762764401,Accelerometer,-1.73,8.89,3.38
72714.955317214,Accelerometer,-1.78,8.89,3.4
48371.186042291,Gyroscope,-0.0,0.0,0.01
48371.195668072,Gyroscope,-0.0,0.0,0.01
48371.205293905,Gyroscope,-0.0,0.0,0.01
48371.214919739,Gyroscope,-0.0,0.0,0.01
48371.22454552,Gyroscope,-0.0,0.0,0.01
48371.234171353,Gyroscope,-0.0,0.0,0.01
48371.243797134,Gyroscope,-0.0,0.0,0.01
48371.253422968,Gyroscope,-0.0,0.0,0.01
48371.263048749,Gyroscope,-0.0,0.0,0.01
48371.272674582,Gyroscope,-0.0,0.0,0.01
72715.14787013,Accelerometer,-2.02,8.66,3.72
72715.340423047,Accelerometer,-2.05,8.67,3.8
72715.532975964,Accelerometer,-1.97,8.72,3.83
72715.725528985,Accelerometer,-2.02,8.65,3.78
72715.918081901,Accelerometer,-1.98,8.69,3.83
72716.110634922,Accelerometer,-1.96,8.71,3.84
72716.303188047,Accelerometer,-1.88,8.7,3.64
72716.495741068,Accelerometer,-2.03,8.81,3.52
72716.688294193,Accelerometer,-1.9,8.77,3.52
72716.880847318,Accelerometer,-1.77,8.86,3.64
72717.073400443,Accelerometer,-1.91,8.8,3.44
72717.265953672,Accelerometer,-2.0,8.78,3.45
72717.458506797,Accelerometer,-1.84,8.9,3.34
72717.651060026,Accelerometer,-1.74,8.93,3.37
72717.843613255,Accelerometer,-1.75,8.91,3.39
72718.036166589,Accelerometer,-1.85,8.86,3.38
72718.340525182,Accelerometer,-1.75,8.92,3.35
72718.534244714,Accelerometer,-1.83,8.89,3.3
72718.727972578,Accelerometer,-1.67,8.96,3.26
72718.921695287,Accelerometer,-1.67,8.98,3.08
72719.115434193,Accelerometer,-1.79,8.88,3.32
72719.309161328,Accelerometer,-1.7,8.95,3.34
72719.502889141,Accelerometer,-1.73,8.91,3.31
72719.696604742,Accelerometer,-1.78,8.93,3.19
72719.890327711,Accelerometer,-1.85,8.95,3.13
72720.084048232,Accelerometer,-1.8,8.83,3.41
72720.277777138,Accelerometer,-2.02,8.79,3.53
72720.471508649,Accelerometer,-2.09,8.69,3.62
72720.665232763,Accelerometer,-1.89,8.89,3.62
72720.85896318,Accelerometer,-2.03,8.68,3.51
72721.052679169,Accelerometer,-1.99,8.74,3.61
72721.24640068,Accelerometer,-1.92,8.84,3.43
72721.440135367,Accelerometer,-1.99,8.84,3.39
72721.633862242,Accelerometer,-1.65,8.96,3.61
72721.827590107,Accelerometer,-1.56,8.93,3.29
72722.021316826,Accelerometer,-2.31,9.02,3.2
72722.215037659,Accelerometer,-2.66,8.69,3.3
72722.408756097,Accelerometer,-2.54,8.46,3.16
72722.602467659,Accelerometer,-2.62,8.13,4.05
72722.796186044,Accelerometer,-1.84,8.78,3.71
73925.811086846,Accelerometer,-0.23,-0.02,9.87
73926.003625649,Accelerometer,-0.29,-0.14,9.83
73926.196164346,Accelerometer,-0.23,-0.06,9.85
73926.581241638,Accelerometer,-0.24,-0.07,9.85
73926.773780284,Accelerometer,-0.23,-0.07,9.85
73926.96631893,Accelerometer,-0.2,-0.12,9.85
73927.15885768,Accelerometer,-0.22,-0.02,9.84
73927.351396326,Accelerometer,-0.13,-0.07,9.85
73927.543935076,Accelerometer,-0.23,-0.04,9.87
73927.736473826,Accelerometer,-0.21,-0.12,9.84
73927.929012576,Accelerometer,-0.23,-0.09,9.85
73928.121551326,Accelerometer,-0.22,-0.07,9.85
73928.314090128,Accelerometer,-0.22,-0.07,9.85
73928.506628878,Accelerometer,-0.22,-0.08,9.85
73928.69916768,Accelerometer,-0.22,-0.08,9.85
73928.891706482,Accelerometer,-0.22,-0.08,9.85
73929.084245284,Accelerometer,-0.22,-0.07,9.85
73929.276784034,Accelerometer,-0.22,-0.08,9.85
73929.469322836,Accelerometer,-0.22,-0.08,9.85
73929.66186169,Accelerometer,-0.22,-0.08,9.85
73929.854400492,Accelerometer,-0.22,-0.08,9.85
73930.046939294,Accelerometer,-0.22,-0.07,9.85
73930.239478149,Accelerometer,-0.21,-0.08,9.85
73930.432017003,Accelerometer,-0.21,-0.08,9.85
73930.624555857,Accelerometer,-0.21,-0.07,9.85
73930.817094763,Accelerometer,-0.2,-0.07,9.87
73931.009633617,Accelerometer,-0.22,-0.07,9.83
73931.202172524,Accelerometer,-0.21,-0.08,9.85
73931.39471143,Accelerometer,-0.22,-0.08,9.84
73931.587250336,Accelerometer,-0.22,-0.07,9.85
73931.779789294,Accelerometer,-0.21,-0.08,9.84
73931.972328253,Accelerometer,-0.22,-0.08,9.84
73932.164867315,Accelerometer,-0.22,-0.08,9.84
73932.357406378,Accelerometer,-0.22,-0.08,9.84
73932.549945492,Accelerometer,-0.22,-0.07,9.84
73932.742484659,Accelerometer,-0.22,-0.08,9.84
73932.935023878,Accelerometer,-0.21,-0.08,9.84
73933.127563149,Accelerometer,-0.21,-0.08,9.85
73933.320102419,Accelerometer,-0.22,-0.08,9.85
73933.51264169,Accelerometer,-0.22,-0.08,9.85
73933.705181013,Accelerometer,-0.23,-0.08,9.85
73933.897720284,Accelerometer,-0.22,-0.08,9.85
73934.090259607,Accelerometer,-0.22,-0.08,9.85
73934.28279893,Accelerometer,-0.21,-0.08,9.86
73934.475338201,Accelerometer,-0.22,-0.08,9.85
73934.667877471,Accelerometer,-0.22,-0.08,9.85
73934.860416742,Accelerometer,-0.21,-0.08,9.85
73935.052956013,Accelerometer,-0.22,-0.08,9.85
73935.245495232,Accelerometer,-0.22,-0.08,9.85
73935.438034503,Accelerometer,-0.22,-0.08,9.85
73935.630573774,Accelerometer,-0.22,-0.08,9.85
73935.823113044,Accelerometer,-0.22,-0.08,9.85
73936.015652315,Accelerometer,-0.22,-0.08,9.85
73936.208191534,Accelerometer,-0.22,-0.08,9.85
73936.400730805,Accelerometer,-0.22,-0.08,9.85
73936.593270076,Accelerometer,-0.22,-0.08,9.85
73936.785809294,Accelerometer,-0.22,-0.08,9.84
73936.978348565,Accelerometer,-0.22,-0.08,9.85
73937.170887836,Accelerometer,-0.22,-0.08,9.85
73937.363427159,Accelerometer,-0.22,-0.08,9.85
73937.555966482,Accelerometer,-0.22,-0.08,9.85
73937.748505753,Accelerometer,-0.22,-0.08,9.85
73937.941045076,Accelerometer,-0.22,-0.08,9.85
73938.133584399,Accelerometer,-0.22,-0.08,9.85
73938.326123721,Accelerometer,-0.22,-0.08,9.85
73938.518663096,Accelerometer,-0.22,-0.08,9.85
73938.711202419,Accelerometer,-0.22,-0.08,9.85
73938.903741794,Accelerometer,-0.22,-0.08,9.85
73939.096281221,Accelerometer,-0.22,-0.08,9.85
73939.288820596,Accelerometer,-0.22,-0.08,9.84
73939.481360024,Accelerometer,-0.22,-0.08,9.85
73939.673899451,Accelerometer,-0.22,-0.08,9.84
73939.86643893,Accelerometer,-0.21,-0.09,9.85
73940.058978409,Accelerometer,-0.21,-0.08,9.85
73940.251517888,Accelerometer,-0.21,-0.08,9.85
73940.444057367,Accelerometer,-0.22,-0.08,9.85
73940.636596951,Accelerometer,-0.21,-0.08,9.85
73940.829136482,Accelerometer,-0.21,-0.08,9.84
73941.021676013,Accelerometer,-0.21,-0.09,9.85
73941.214215701,Accelerometer,-0.22,-0.09,9.85
73941.406755284,Accelerometer,-0.21,-0.09,9.85
73941.599294919,Accelerometer,-0.21,-0.09,9.85
73941.791834555,Accelerometer,-0.22,-0.08,9.84
73941.984374242,Accelerometer,-0.22,-0.08,9.84
73942.176914034,Accelerometer,-0.22,-0.08,9.84
73942.369453774,Accelerometer,-0.22,-0.09,9.84
73942.561993565,Accelerometer,-0.21,-0.09,9.84
73942.754533357,Accelerometer,-0.21,-0.09,9.84
73942.947073201,Accelerometer,-0.22,-0.09,9.84
73943.139613044,Accelerometer,-0.21,-0.09,9.84
73943.33215294,Accelerometer,-0.22,-0.08,9.84
73943.524692836,Accelerometer,-0.22,-0.08,9.84
73943.717232784,Accelerometer,-0.22,-0.09,9.84
73943.909772732,Accelerometer,-0.21,-0.09,9.84
73944.102312732,Accelerometer,-0.21,-0.09,9.84
73944.294852836,Accelerometer,-0.21,-0.09,9.84
73944.487392888,Accelerometer,-0.21,-0.08,9.84
73944.67993294,Accelerometer,-0.22,-0.08,9.84
73944.872473149,Accelerometer,-0.21,-0.08,9.84
73945.065013253,Accelerometer,-0.21,-0.08,9.84
73945.257553461,Accelerometer,-0.21,-0.09,9.84
73945.450093669,Accelerometer,-0.21,-0.08,9.84
73945.642633982,Accelerometer,-0.21,-0.09,9.84
73945.835174294,Accelerometer,-0.21,-0.08,9.84
73946.027714607,Accelerometer,-0.21,-0.09,9.84
73946.220255024,Accelerometer,-0.22,-0.08,9.84
73946.41279544,Accelerometer,-0.21,-0.09,9.85
73946.605335857,Accelerometer,-0.21,-0.08,9.84
73946.797876326,Accelerometer,-0.22,-0.09,9.84
73946.990416846,Accelerometer,-0.22,-0.08,9.84
73947.333119242,Accelerometer,-0.22,-0.09,9.84
73947.526688253,Accelerometer,-0.22,-0.09,9.83
73947.720240649,Accelerometer,-0.22,-0.09,9.83
73947.91378919,Accelerometer,-0.22,-0.08,9.83
73948.107337524,Accelerometer,-0.22,-0.08,9.82
73948.300901899,Accelerometer,-0.22,-0.08,9.82
73948.494464503,Accelerometer,-0.22,-0.09,9.82
73948.688021846,Accelerometer,-0.22,-0.09,9.82
73948.881585753,Accelerometer,-0.22,-0.09,9.82
73949.075145857,Accelerometer,-0.32,-0.13,9.82
73949.268700284,Accelerometer,-0.12,-0.06,9.82
73949.462262836,Accelerometer,-0.2,-0.08,9.81
73949.655817628,Accelerometer,-0.23,-0.08,9.82
73949.849381846,Accelerometer,-0.23,-0.08,9.82
73950.042932576,Accelerometer,-0.23,-0.08,9.82
73950.236484451,Accelerometer,-0.23,-0.08,9.82
73950.430035284,Accelerometer,-0.23,-0.08,9.82
73950.623585753,Accelerometer,-0.23,-0.08,9.82
73950.817129294,Accelerometer,-0.23,-0.08,9.82
73951.010679346,Accelerometer,-0.23,-0.07,9.82
73951.204228721,Accelerometer,-0.23,-0.07,9.82
73951.397766065,Accelerometer,-0.23,-0.07,9.82
73951.591295128,Accelerometer,-0.23,-0.07,9.82
73951.78484643,Accelerometer,-0.23,-0.07,9.82
73951.978398513,Accelerometer,-0.24,-0.07,9.82
73952.171949346,Accelerometer,-0.22,-0.07,9.82
73952.365504294,Accelerometer,-0.23,-0.08,9.82
73952.559061326,Accelerometer,-0.23,-0.07,9.82
73952.752623774,Accelerometer,-0.23,-0.08,9.82
73952.946173721,Accelerometer,-0.23,-0.07,9.82
73953.139712836,Accelerometer,-0.23,-0.07,9.82
73953.333270128,Accelerometer,-0.23,-0.07,9.82
73953.526833826,Accelerometer,-0.22,-0.07,9.82
73953.720397107,Accelerometer,-0.23,-0.07,9.82
73953.913963826,Accelerometer,-0.23,-0.07,9.82
73954.107531899,Accelerometer,-0.23,-0.07,9.82
73954.301100701,Accelerometer,-0.23,-0.07,9.82
73954.494669138,Accelerometer,-0.23,-0.07,9.82
73954.688238409,Accelerometer,-0.23,-0.07,9.82
73954.881805232,Accelerometer,-0.23,-0.07,9.82
73955.075371482,Accelerometer,-0.23,-0.07,9.82
73955.268934242,Accelerometer,-0.23,-0.07,9.82
73955.462489115,Accelerometer,-0.23,-0.07,9.82
73955.656055573,Accelerometer,-0.23,-0.07,9.82
73955.849617813,Accelerometer,-0.23,-0.07,9.82
73956.043185625,Accelerometer,-0.23,-0.08,9.82
73956.236760313,Accelerometer,-0.22,-0.07,9.82
73956.62391099,Accelerometer,-0.23,-0.07,9.82
73956.817482344,Accelerometer,-0.23,-0.08,9.82
73957.011048907,Accelerometer,-0.23,-0.07,9.79
73957.204614896,Accelerometer,-0.21,-0.07,9.85
73957.398170938,Accelerometer,-0.22,-0.07,9.82
73957.591728021,Accelerometer,-0.21,-0.07,9.82
73957.785304271,Accelerometer,-0.22,-0.08,9.82
73957.978875469,Accelerometer,-0.23,-0.07,9.82
73958.172447605,Accelerometer,-0.23,-0.07,9.82
73958.366017396,Accelerometer,-0.22,-0.07,9.82
73958.559572865,Accelerometer,-0.21,-0.07,9.82
73958.753144792,Accelerometer,-0.21,-0.07,9.82
73958.946715573,Accelerometer,-0.2,-0.07,9.82
73959.140289115,Accelerometer,-0.21,-0.07,9.82
73959.333854532,Accelerometer,-0.22,-0.07,9.82
73959.527410261,Accelerometer,-0.23,-0.08,9.82
73959.720983021,Accelerometer,-0.22,-0.07,9.82
73959.914545678,Accelerometer,-0.22,-0.07,9.82
73960.10810823,Accelerometer,-0.23,-0.07,9.82
73960.301675105,Accelerometer,-0.23,-0.07,9.82
73960.495249948,Accelerometer,-0.23,-0.07,9.82
73960.688817396,Accelerometer,-0.36,-0.12,9.85
73960.882378125,Accelerometer,-1.07,-0.13,10.28
73961.075947553,Accelerometer,-1.42,0.97,9.41
73961.269510053,Accelerometer,-2.9,1.7,9.42
73961.463067865,Accelerometer,-2.9,0.72,9.45
73961.656621355,Accelerometer,-3.81,1.43,9.07
73961.850186928,Accelerometer,-5.22,1.42,9.59
73962.0437375,Accelerometer,-6.9,1.49,5.33
73962.237284584,Accelerometer,-7.46,3.26,5.95
73962.430846198,Accelerometer,-6.66,5.48,4.17
73962.624402605,Accelerometer,-6.87,6.0,2.04
73962.817961928,Accelerometer,-6.03,7.02,2.65
73963.011524011,Accelerometer,-5.43,7.82,1.78
73963.205086823,Accelerometer,-5.87,7.37,2.25
73963.480098646,Accelerometer,-4.93,7.46,2.32
73963.672641042,Accelerometer,-5.07,7.54,3.55
73963.865183542,Accelerometer,-5.25,7.04,4.6
73964.057726146,Accelerometer,-4.71,7.25,4.32
73964.25026875,Accelerometer,-4.72,7.26,4.28
73964.635354063,Accelerometer,-4.85,7.06,4.54
73964.827896771,Accelerometer,-4.25,7.32,4.92
73965.02043948,Accelerometer,-3.55,7.93,4.36
73965.212982188,Accelerometer,-4.65,7.66,4.31
73965.405524896,Accelerometer,-4.97,7.45,3.75
73965.598067709,Accelerometer,-4.9,7.35,3.73
73965.790610521,Accelerometer,-4.67,7.77,3.84
73965.983153334,Accelerometer,-3.67,7.74,3.92
73966.175696146,Accelerometer,-3.47,7.69,4.05
73966.368239063,Accelerometer,-3.03,7.53,5.94
73966.753324792,Accelerometer,-3.36,7.45,4.58
73966.945867605,Accelerometer,-3.49,7.62,5.04
73967.138410521,Accelerometer,-3.27,7.66,4.96
73967.330953438,Accelerometer,-3.22,7.22,5.2
73967.523496355,Accelerometer,-1.38,7.82,5.61
73967.716039375,Accelerometer,-0.27,8.55,5.28
73967.908582292,Accelerometer,-0.34,8.96,3.91
73968.101125313,Accelerometer,-1.71,8.42,3.85
73968.29366823,Accelerometer,-1.71,8.5,4.35
73968.48621125,Accelerometer,-1.7,8.48,4.41
73968.678754271,Accelerometer,-1.59,8.47,4.56
73968.871297292,Accelerometer,-1.45,8.52,4.41
73969.063840313,Accelerometer,-1.63,8.41,4.57
73969.256383334,Accelerometer,-1.69,8.37,4.45
73969.448926459,Accelerometer,-1.51,8.51,4.49
73969.641469584,Accelerometer,-1.57,8.45,4.5
73969.834012605,Accelerometer,-1.62,8.44,4.5
73970.02655573,Accelerometer,-1.7,8.43,4.44
73970.219098855,Accelerometer,-1.67,8.44,4.32
73970.41164198,Accelerometer,-1.66,8.46,4.5
73970.604185105,Accelerometer,-1.68,8.45,4.44
73970.79672823,Accelerometer,-1.7,8.45,4.43
73970.989271459,Accelerometer,-1.71,8.45,4.4
73971.181814688,Accelerometer,-1.71,8.45,4.42
73971.374357813,Accelerometer,-1.69,8.46,4.4
73971.566901042,Accelerometer,-1.71,8.44,4.45
73971.759444271,Accelerometer,-1.69,8.45,4.43
73971.9519875,Accelerometer,-1.71,8.44,4.44
73972.14453073,Accelerometer,-1.71,8.45,4.43
73972.337073959,Accelerometer,-1.75,8.44,4.44
73972.529617292,Accelerometer,-1.75,8.45,4.42
73972.722160521,Accelerometer,-1.75,8.43,4.41
73972.914703855,Accelerometer,-1.74,8.43,4.37
73973.107247084,Accelerometer,-1.73,8.41,4.43
73973.299790417,Accelerometer,-1.5,8.56,4.43
73973.49233375,Accelerometer,-1.6,8.45,4.4
73973.684877084,Accelerometer,-1.59,8.5,4.42
73973.877420417,Accelerometer,-1.58,8.51,4.31
73974.069963855,Accelerometer,-1.58,8.53,4.31
73974.262507188,Accelerometer,-1.56,8.54,4.36
73974.455050625,Accelerometer,-1.59,8.5,4.29
73974.647594063,Accelerometer,-1.57,8.53,4.35
73974.840137396,Accelerometer,-1.58,8.51,4.34
73975.032680834,Accelerometer,-1.53,8.56,4.34
73975.225224271,Accelerometer,-1.6,8.52,4.29
73975.417767709,Accelerometer,-1.58,8.55,4.3
73975.610311146,Accelerometer,-1.62,8.52,4.31
73975.802854688,Accelerometer,-1.62,8.53,4.3
73975.995398125,Accelerometer,-1.62,8.51,4.3
73976.187941667,Accelerometer,-1.64,8.53,4.33
73976.380485105,Accelerometer,-1.59,8.52,4.32
73976.573028646,Accelerometer,-1.61,8.52,4.32
73976.765572188,Accelerometer,-1.59,8.51,4.32
73976.95811573,Accelerometer,-1.58,8.52,4.38
73977.150659271,Accelerometer,-1.58,8.51,4.31
73977.343202813,Accelerometer,-1.55,8.52,4.39
73977.535746355,Accelerometer,-1.57,8.52,4.29
73977.72829,Accelerometer,-1.59,8.51,4.33
73977.920833542,Accelerometer,-1.6,8.48,4.37
73978.113377188,Accelerometer,-1.61,8.48,4.47
73978.305920834,Accelerometer,-1.78,8.33,4.42
73978.498464375,Accelerometer,-1.2,8.66,4.26
73978.691008021,Accelerometer,-1.19,8.67,4.22
73978.883551667,Accelerometer,-1.31,8.59,4.09
73979.076095313,Accelerometer,-1.31,8.58,4.58
73979.268638959,Accelerometer,-1.43,8.44,4.55
73979.461182709,Accelerometer,-1.49,8.45,4.51
73979.653726355,Accelerometer,-1.38,8.55,4.27
73979.846270105,Accelerometer,-1.42,8.56,4.28
73980.03881375,Accelerometer,-1.22,8.65,4.15
73980.2313575,Accelerometer,-1.31,8.64,4.17
73980.616444896,Accelerometer,-1.49,8.53,4.46
73980.808988646,Accelerometer,-1.36,8.56,4.05
73981.001532396,Accelerometer,-1.42,8.53,4.52
73981.19407625,Accelerometer,-1.22,8.66,4.28
73981.38662,Accelerometer,-1.38,8.55,4.14
73981.57916375,Accelerometer,-1.26,8.64,4.24
73981.771707605,Accelerometer,-1.27,8.65,4.36
73981.964251355,Accelerometer,-1.44,8.48,4.0
73982.156795105,Accelerometer,-1.01,8.83,4.26
73982.349338959,Accelerometer,-1.23,8.65,4.09
73982.541882813,Accelerometer,-1.19,8.69,4.01
73982.734426667,Accelerometer,-1.2,8.7,4.08
73982.926970521,Accelerometer,-1.23,8.71,4.15
73983.119514375,Accelerometer,-1.27,8.68,3.96
73983.31205823,Accelerometer,-1.21,8.69,4.09
73983.504602084,Accelerometer,-1.22,8.69,4.14
73983.697145938,Accelerometer,-1.24,8.69,4.08
73983.889689792,Accelerometer,-1.24,8.68,4.11
73984.08223375,Accelerometer,-1.24,8.69,4.09
73984.274777605,Accelerometer,-1.39,8.58,4.35
73984.467321563,Accelerometer,-1.3,8.61,4.08
73984.659865417,Accelerometer,-1.53,8.5,4.53
73984.852409375,Accelerometer,-1.37,8.6,4.4
73985.044953334,Accelerometer,-1.42,8.51,4.15
73985.237497188,Accelerometer,-1.65,8.41,4.63
73985.430041146,Accelerometer,-1.2,8.64,4.19
73985.622585105,Accelerometer,-1.4,8.56,4.31
73985.815129063,Accelerometer,-1.41,8.57,4.31
73986.007673021,Accelerometer,-1.39,8.56,4.18
73986.200217084,Accelerometer,-1.57,8.41,4.67
73986.392761042,Accelerometer,-1.48,8.46,4.53
73986.585305,Accelerometer,-1.5,8.45,4.51
73986.777848959,Accelerometer,-1.48,8.5,4.32
73986.970393021,Accelerometer,-1.51,8.51,4.35
73987.16293698,Accelerometer,-1.52,8.49,4.38
73987.355481042,Accelerometer,-1.47,8.52,4.36
73987.548025105,Accelerometer,-1.5,8.5,4.4
73987.740569063,Accelerometer,-1.44,8.6,4.55
73987.933113125,Accelerometer,-1.58,8.46,3.93
73988.125657188,Accelerometer,-1.37,8.67,4.28
73988.31820125,Accelerometer,-1.3,8.69,4.09
73988.510745313,Accelerometer,-1.55,8.53,4.19
73988.703289375,Accelerometer,-1.31,8.67,4.18
73988.895833438,Accelerometer,-1.39,8.63,4.22
73989.0883775,Accelerometer,-1.36,8.57,4.14
73989.280921667,Accelerometer,-1.1,8.72,4.26
73989.47346573,Accelerometer,-1.13,8.66,4.16
73989.666009896,Accelerometer,-1.12,8.66,4.14
73989.858553959,Accelerometer,-1.08,8.67,4.26
73990.051098125,Accelerometer,-1.09,8.67,4.13
73990.243642188,Accelerometer,-1.1,8.66,4.14
73990.628730417,Accelerometer,-1.17,8.55,4.04
73990.821274584,Accelerometer,-1.14,8.69,4.37
73991.01381875,Accelerometer,-0.99,8.61,4.48
73991.206362917,Accelerometer,-1.15,8.53,4.52
73991.398907084,Accelerometer,-1.08,8.53,4.21
73991.59145125,Accelerometer,-1.11,8.56,4.53
73991.783995521,Accelerometer,-1.05,8.58,4.26
73991.976539688,Accelerometer,-1.31,8.36,4.67
73992.169083855,Accelerometer,-1.18,8.49,4.62
73992.361628021,Accelerometer,-1.1,8.52,4.4
73992.554172292,Accelerometer,-1.11,8.49,4.53
73992.746716459,Accelerometer,-1.09,8.53,4.56
73992.93926073,Accelerometer,-1.11,8.51,4.42
73993.131805,Accelerometer,-1.12,8.51,4.44
73993.324349167,Accelerometer,-1.08,8.54,4.45
73993.516893438,Accelerometer,-1.1,8.5,4.47
73993.709437709,Accelerometer,-1.22,8.4,4.73
73993.90198198,Accelerometer,-1.27,8.36,4.73
73994.09452625,Accelerometer,-1.22,8.42,4.66
73994.287070521,Accelerometer,-1.25,8.39,4.63
73994.479614792,Accelerometer,-1.24,8.41,4.69
73994.672159063,Accelerometer,-1.23,8.43,4.6
73994.864703334,Accelerometer,-1.24,8.43,4.6
73995.057247605,Accelerometer,-1.23,8.44,4.58
73995.24979198,Accelerometer,-1.23,8.44,4.61
73995.44233625,Accelerometer,-1.23,8.45,4.61
73995.634880521,Accelerometer,-1.24,8.43,4.53
73995.827424896,Accelerometer,-1.26,8.44,4.6
73996.019969271,Accelerometer,-1.26,8.45,4.55
73996.212513542,Accelerometer,-1.25,8.45,4.58
73996.405057917,Accelerometer,-1.27,8.45,4.54
73996.597602292,Accelerometer,-1.27,8.46,4.57
73996.790146667,Accelerometer,-1.28,8.45,4.5
73996.982691042,Accelerometer,-1.25,8.47,4.56
73997.175235417,Accelerometer,-1.27,8.47,4.52
73997.367779688,Accelerometer,-1.26,8.47,4.5
73997.560324167,Accelerometer,-1.29,8.48,4.51
73997.752868542,Accelerometer,-1.3,8.48,4.45
73997.945412917,Accelerometer,-1.27,8.49,4.56
73998.137957396,Accelerometer,-1.3,8.48,4.38
73998.330501771,Accelerometer,-1.28,8.51,4.54
73998.523046146,Accelerometer,-1.3,8.49,4.4
73998.715590625,Accelerometer,-1.27,8.51,4.47
73998.908135,Accelerometer,-1.27,8.5,4.49
73999.10067948,Accelerometer,-1.27,8.5,4.45
73999.293223959,Accelerometer,-1.27,8.5,4.46
73999.481890678,Accelerometer,-1.25,8.5,4.46
73999.675499167,Accelerometer,-1.27,8.51,4.42
73999.869097709,Accelerometer,-1.27,8.5,4.44
74000.062696511,Accelerometer,-1.26,8.51,4.5
74000.25629625,Accelerometer,-1.24,8.5,4.41
74000.449903021,Accelerometer,-1.25,8.53,4.43
74000.643488178,Accelerometer,-1.37,8.46,4.34
74000.837071615,Accelerometer,-1.17,8.56,4.34
74001.030668803,Accelerometer,-1.08,8.6,4.44
74001.224271303,Accelerometer,-1.03,8.61,4.3
74001.417870782,Accelerometer,-1.15,8.55,4.34
74001.611480053,Accelerometer,-1.23,8.51,4.42
74001.805079844,Accelerometer,-1.12,8.56,4.42
74001.998675469,Accelerometer,-1.18,8.57,4.27
74002.192261303,Accelerometer,-1.24,8.51,4.38
74002.385850209,Accelerometer,-1.28,8.46,4.57
74002.579444115,Accelerometer,-1.23,8.49,4.43
74002.773039219,Accelerometer,-1.17,8.53,4.49
74002.966638698,Accelerometer,-1.25,8.49,4.43
74003.160240469,Accelerometer,-1.28,8.5,4.44
74003.353837553,Accelerometer,-1.27,8.5,4.34
74003.547431042,Accelerometer,-1.23,8.51,4.52
74003.741035053,Accelerometer,-1.25,8.49,4.43
74003.934622657,Accelerometer,-1.26,8.49,4.48
74004.128214219,Accelerometer,-1.31,8.43,4.41
74004.32181198,Accelerometer,-1.15,8.51,4.67
74004.902608803,Accelerometer,-1.22,8.45,4.54
74005.09621349,Accelerometer,-1.22,8.44,4.51
74005.289795886,Accelerometer,-1.15,8.47,4.63
74005.483390886,Accelerometer,-1.17,8.44,4.59
74005.676973594,Accelerometer,-1.17,8.46,4.5
74005.87053698,Accelerometer,-1.19,8.47,4.51
74006.064103594,Accelerometer,-1.2,8.46,4.49
74006.25769599,Accelerometer,-1.11,8.52,4.48
74006.451287917,Accelerometer,-1.14,8.5,4.46
74006.644882657,Accelerometer,-1.14,8.5,4.46
74006.838482969,Accelerometer,-1.13,8.48,4.48
74007.032085521,Accelerometer,-1.01,8.58,4.3
74007.225677136,Accelerometer,-0.79,8.7,4.03
74007.419269375,Accelerometer,-0.48,8.86,3.86
74007.612869844,Accelerometer,-0.64,8.69,3.95
74007.806472396,Accelerometer,0.43,9.33,2.41
74008.000078073,Accelerometer,0.97,9.54,1.69
74008.193677344,Accelerometer,1.05,9.56,1.57
74008.387284115,Accelerometer,0.61,9.41,2.12
74008.580892084,Accelerometer,0.19,9.28,2.23
74008.774493334,Accelerometer,0.38,9.36,2.2
74008.968102188,Accelerometer,0.33,9.32,2.37
74009.161709271,Accelerometer,0.47,9.36,2.23
74009.355319792,Accelerometer,0.69,9.41,2.08
74009.548925365,Accelerometer,0.11,9.05,3.02
74009.742541355,Accelerometer,0.3,9.14,3.22
74009.936138021,Accelerometer,0.48,9.07,2.74
74010.129733073,Accelerometer,1.49,9.51,1.95
74010.323327605,Accelerometer,1.37,9.35,1.95
74010.516913803,Accelerometer,1.08,9.45,2.48
74010.710506667,Accelerometer,0.15,8.95,2.73
74010.904090209,Accelerometer,0.42,9.21,3.08
74011.097671459,Accelerometer,0.37,9.2,2.94
74011.291260521,Accelerometer,0.23,9.12,2.92
74011.484847136,Accelerometer,0.4,9.29,2.87
74011.678440886,Accelerometer,0.27,9.11,2.72
74011.872040521,Accelerometer,0.3,9.17,2.9
74012.06564573,Accelerometer,0.58,9.32,2.8
74012.259235834,Accelerometer,0.64,9.35,2.49
74012.452831355,Accelerometer,0.32,9.33,3.03
74012.646440938,Accelerometer,-0.45,9.04,2.96
74012.840040834,Accelerometer,-1.14,8.86,3.53
74013.033647396,Accelerometer,-1.06,8.97,3.34
74013.227250417,Accelerometer,-1.07,9.01,3.31
74013.420860417,Accelerometer,-1.04,9.07,3.15
74013.614448855,Accelerometer,-1.2,8.99,3.2
74013.80803948,Accelerometer,-1.16,9.03,3.13
74014.001627865,Accelerometer,-1.16,9.03,3.23
74014.195224011,Accelerometer,-1.14,9.01,3.24
74014.388814167,Accelerometer,-1.23,8.99,3.44
74014.582413698,Accelerometer,-1.38,8.9,3.52
74014.776009584,Accelerometer,-1.36,8.91,3.43
74014.969610261,Accelerometer,-1.42,8.86,3.41
74015.163216667,Accelerometer,-1.54,8.87,3.63
74015.356806094,Accelerometer,-1.48,8.86,3.59
74015.550406748,Accelerometer,-1.52,8.82,3.57
74015.744001123,Accelerometer,-1.49,8.84,3.66
74015.937596748,Accelerometer,-1.51,8.79,3.78
74016.131193414,Accelerometer,-1.52,8.79,3.79
74016.324791123,Accelerometer,-1.56,8.75,3.73
74016.518391019,Accelerometer,-1.49,8.8,3.76
74016.711984821,Accelerometer,-1.54,8.79,3.71
74016.90557456,Accelerometer,-1.55,8.8,3.67
74017.099165498,Accelerometer,-1.54,8.79,3.72
74017.29277456,Accelerometer,-1.53,8.81,3.7
74017.486363623,Accelerometer,-1.55,8.79,3.74
74017.679946591,Accelerometer,-1.55,8.86,3.59
74017.873546383,Accelerometer,-1.64,8.79,3.56
74018.067138258,Accelerometer,-1.61,8.82,3.66
74018.260748675,Accelerometer,-1.63,8.81,3.64
74018.454353258,Accelerometer,-1.6,8.82,3.65
74018.647948727,Accelerometer,-1.63,8.79,3.66
74018.841552477,Accelerometer,-1.6,8.81,3.69
74019.035157269,Accelerometer,-1.59,8.8,3.64
74019.228750446,Accelerometer,-1.63,8.78,3.66
74019.422332894,Accelerometer,-1.6,8.82,3.71
74019.615940237,Accelerometer,-1.6,8.84,3.53
74019.809545341,Accelerometer,-1.61,8.83,3.62
74020.003140498,Accelerometer,-1.61,8.82,3.58
74020.196740654,Accelerometer,-1.6,8.83,3.59
74020.390341123,Accelerometer,-1.59,8.84,3.59
74020.583943675,Accelerometer,-1.58,8.84,3.55
74020.777538571,Accelerometer,-1.59,8.84,3.57
74020.971138987,Accelerometer,-1.58,8.84,3.57
74021.164725498,Accelerometer,-1.58,8.85,3.58
74021.358313935,Accelerometer,-1.6,8.83,3.6
74021.55188956,Accelerometer,-1.61,8.82,3.64
74021.745488779,Accelerometer,-1.6,8.84,3.58
74021.939072998,Accelerometer,-1.65,8.83,3.65
74022.132657425,Accelerometer,-1.55,8.86,3.35
74022.326252633,Accelerometer,-1.62,8.89,3.54
74022.519850498,Accelerometer,-1.61,8.87,3.46
74022.713444925,Accelerometer,-1.59,8.89,3.47
74022.907036591,Accelerometer,-1.61,8.89,3.45
74023.100624352,Accelerometer,-1.61,8.88,3.45
74023.294233206,Accelerometer,-1.6,8.88,3.46
74023.487838987,Accelerometer,-1.61,8.88,3.46
74023.68144206,Accelerometer,-1.61,8.88,3.46
74023.875050341,Accelerometer,-1.6,8.89,3.46
74024.068646539,Accelerometer,-1.62,8.88,3.46
74024.262246175,Accelerometer,-1.61,8.87,3.47
74024.455830237,Accelerometer,-1.61,8.87,3.48
74024.649438258,Accelerometer,-1.62,8.87,3.5
74024.843040185,Accelerometer,-1.61,8.88,3.52
74025.036642841,Accelerometer,-1.61,8.87,3.44
74025.230238414,Accelerometer,-1.61,8.88,3.47
74025.423844196,Accelerometer,-1.6,8.89,3.47
74025.6174393,Accelerometer,-1.61,8.88,3.44
74025.811038258,Accelerometer,-1.6,8.88,3.45
74026.004650758,Accelerometer,-1.6,8.88,3.44
74026.198266696,Accelerometer,-1.61,8.88,3.46
74026.391869873,Accelerometer,-1.61,8.89,3.45
74026.585484352,Accelerometer,-1.59,8.89,3.46
74026.779093466,Accelerometer,-1.61,8.88,3.48
74026.972700914,Accelerometer,-1.61,8.88,3.46
74027.166313258,Accelerometer,-1.61,8.87,3.47
74027.359922581,Accelerometer,-1.61,8.87,3.47
74027.553540654,Accelerometer,-1.61,8.87,3.47
74027.747155341,Accelerometer,-1.62,8.87,3.51
74027.940772008,Accelerometer,-1.62,8.88,3.5
74028.134383987,Accelerometer,-1.63,8.87,3.46
74028.327988623,Accelerometer,-1.61,8.87,3.45
74028.521600394,Accelerometer,-1.61,8.88,3.46
74028.715200394,Accelerometer,-1.61,8.88,3.48
74028.908815289,Accelerometer,-1.61,8.88,3.48
74029.102437894,Accelerometer,-1.61,8.88,3.48
74029.296043831,Accelerometer,-1.62,8.87,3.47
74029.489647529,Accelerometer,-1.6,8.88,3.46
74029.683255133,Accelerometer,-1.59,8.88,3.49
74029.876850446,Accelerometer,-1.61,8.88,3.48
74030.070453987,Accelerometer,-1.61,8.88,3.48
74030.264048362,Accelerometer,-1.61,8.88,3.49
74030.457637841,Accelerometer,-1.6,8.87,3.46
74030.651252685,Accelerometer,-1.61,8.87,3.48
74030.844861227,Accelerometer,-1.61,8.87,3.46
74031.038466748,Accelerometer,-1.61,8.87,3.5
74031.232071644,Accelerometer,-1.61,8.87,3.49
74031.425673883,Accelerometer,-1.62,8.87,3.52
74031.619282946,Accelerometer,-1.62,8.86,3.47
74031.812902685,Accelerometer,-1.6,8.87,3.47
74032.006511123,Accelerometer,-1.59,8.88,3.46
74032.200092112,Accelerometer,-1.6,8.88,3.5
74032.393693206,Accelerometer,-1.59,8.88,3.49
74032.587287633,Accelerometer,-1.6,8.88,3.46
74032.780877529,Accelerometer,-1.6,8.87,3.45
74032.974479248,Accelerometer,-1.58,8.89,3.46
74033.168085341,Accelerometer,-1.59,8.88,3.48
74033.361701383,Accelerometer,-1.58,8.88,3.48
74033.555324091,Accelerometer,-1.58,8.88,3.48
74033.748940341,Accelerometer,-1.57,8.88,3.46
74033.942555706,Accelerometer,-1.59,8.88,3.51
74034.136167425,Accelerometer,-1.58,8.87,3.44
74034.523409664,Accelerometer,-1.56,8.89,3.64
74034.717032373,Accelerometer,-1.62,8.84,3.56
74034.910661435,Accelerometer,-1.6,8.81,3.59
74035.104287425,Accelerometer,-1.59,8.83,3.65
74035.297927321,Accelerometer,-1.6,8.83,3.63
74035.491563206,Accelerometer,-1.61,8.82,3.67
74035.685193623,Accelerometer,-1.59,8.85,3.48
74035.878822477,Accelerometer,-1.57,8.87,3.48
74036.072467789,Accelerometer,-1.59,8.88,3.59
74036.266093206,Accelerometer,-0.82,9.06,3.22
74036.459716331,Accelerometer,-1.71,8.39,4.55
74036.653333727,Accelerometer,-1.17,8.72,3.71
74036.846966383,Accelerometer,-0.54,8.66,4.06
74037.040594039,Accelerometer,-1.32,7.47,3.06
74037.234219821,Accelerometer,-2.42,4.74,6.36
74037.427832112,Accelerometer,-4.72,1.92,9.4
74037.621467373,Accelerometer,-3.34,0.92,10.62
74037.815087685,Accelerometer,-2.18,-0.48,10.18
74038.008713102,Accelerometer,-1.67,-0.38,9.99
74038.202334039,Accelerometer,-0.47,-0.11,9.87
74038.395963831,Accelerometer,-0.31,-0.1,9.81
74038.709732789,Accelerometer,-0.31,-0.1,9.83
74038.902279769,Accelerometer,-0.3,-0.1,9.83
74039.094826956,Accelerometer,-0.3,-0.1,9.84
74039.287374144,Accelerometer,-0.31,-0.1,9.84
74039.479921331,Accelerometer,-0.3,-0.1,9.84
74039.672468623,Accelerometer,-0.31,-0.1,9.84
74039.865015914,Accelerometer,-0.3,-0.1,9.85
74040.057563206,Accelerometer,-0.3,-0.1,9.85
74040.250110498,Accelerometer,-0.3,-0.11,9.85
74040.635205289,Accelerometer,-0.3,-0.1,9.85
74040.827752685,Accelerometer,-0.31,-0.1,9.85
74041.020300081,Accelerometer,-0.31,-0.1,9.85
74041.212847477,Accelerometer,-0.31,-0.1,9.85
74041.405394873,Accelerometer,-0.3,-0.1,9.85
74041.597942373,Accelerometer,-0.3,-0.1,9.85
74041.790489769,Accelerometer,-0.3,-0.11,9.85
74041.983037269,Accelerometer,-0.31,-0.1,9.85
74042.175584664,Accelerometer,-0.3,-0.1,9.85
74042.368132164,Accelerometer,-0.3,-0.11,9.85
74042.560679664,Accelerometer,-0.3,-0.1,9.85
74042.753227164,Accelerometer,-0.31,-0.11,9.85
74042.94577456,Accelerometer,-0.31,-0.11,9.85
74043.13832206,Accelerometer,-0.31,-0.11,9.85
74043.33086956,Accelerometer,-0.31,-0.11,9.85
74043.52341706,Accelerometer,-0.3,-0.11,9.85
74043.71596456,Accelerometer,-0.31,-0.11,9.85
74043.90851206,Accelerometer,-0.31,-0.11,9.85
74044.10105956,Accelerometer,-0.3,-0.1,9.85
74044.29360706,Accelerometer,-0.31,-0.1,9.85
74044.48615456,Accelerometer,-0.3,-0.1,9.85
74044.67870206,Accelerometer,-0.3,-0.1,9.85
74044.87124956,Accelerometer,-0.3,-0.11,9.85
74045.063797164,Accelerometer,-0.3,-0.1,9.85
74045.256344664,Accelerometer,-0.31,-0.1,9.85
74045.448892164,Accelerometer,-0.3,-0.1,9.85
74045.641439664,Accelerometer,-0.3,-0.1,9.85
74045.833987164,Accelerometer,-0.3,-0.1,9.85
74046.026534664,Accelerometer,-0.31,-0.1,9.85
74046.219082164,Accelerometer,-0.31,-0.1,9.85
74046.604177269,Accelerometer,-0.3,-0.1,9.85
74046.796724769,Accelerometer,-0.3,-0.1,9.85
74046.989272269,Accelerometer,-0.3,-0.1,9.85
74047.181819873,Accelerometer,-0.31,-0.1,9.85
74047.374367373,Accelerometer,-0.3,-0.1,9.85
74047.566914873,Accelerometer,-0.31,-0.1,9.85
74047.759462373,Accelerometer,-0.31,-0.1,9.85
74047.952009977,Accelerometer,-0.3,-0.1,9.85
74048.144557477,Accelerometer,-0.31,-0.11,9.85
74048.337105081,Accelerometer,-0.31,-0.11,9.85
74048.529652581,Accelerometer,-0.31,-0.1,9.85
74048.722200081,Accelerometer,-0.31,-0.11,9.85
74048.914747685,Accelerometer,-0.3,-0.11,9.85
74049.107295185,Accelerometer,-0.3,-0.1,9.85
74049.299842685,Accelerometer,-0.31,-0.11,9.85
74049.492390289,Accelerometer,-0.3,-0.1,9.85
74049.684937789,Accelerometer,-0.3,-0.1,9.85
74049.877485394,Accelerometer,-0.31,-0.1,9.85
74050.070032894,Accelerometer,-0.3,-0.1,9.85
74050.262580394,Accelerometer,-0.31,-0.1,9.85
74050.647675498,Accelerometer,-0.3,-0.1,9.85
74050.840223102,Accelerometer,-0.3,-0.1,9.85
74051.032770602,Accelerometer,-0.3,-0.1,9.85
74051.225318102,Accelerometer,-0.3,-0.1,9.85
74051.417865706,Accelerometer,-0.3,-0.11,9.85
74051.61041331,Accelerometer,-0.3,-0.1,9.85
74051.80296081,Accelerometer,-0.31,-0.1,9.85
74051.99550831,Accelerometer,-0.31,-0.1,9.85
74052.188055914,Accelerometer,-0.3,-0.1,9.86
74052.380603414,Accelerometer,-0.3,-0.1,9.85
74052.573150914,Accelerometer,-0.31,-0.1,9.85
74052.765698519,Accelerometer,-0.31,-0.11,9.85
74052.958246019,Accelerometer,-0.3,-0.11,9.85
74053.150793623,Accelerometer,-0.31,-0.11,9.85
74053.343341123,Accelerometer,-0.3,-0.1,9.85
74053.535888727,Accelerometer,-0.3,-0.11,9.85
74053.728436227,Accelerometer,-0.31,-0.11,9.86
74053.920983831,Accelerometer,-0.31,-0.11,9.85
74054.113531331,Accelerometer,-0.31,-0.1,9.85
74054.306078831,Accelerometer,-0.31,-0.1,9.85
74054.498626435,Accelerometer,-0.31,-0.1,9.85
74054.691173935,Accelerometer,-0.3,-0.1,9.85
74054.883721435,Accelerometer,-0.3,-0.1,9.85
74055.076269039,Accelerometer,-0.31,-0.11,9.85
74055.268816539,Accelerometer,-0.3,-0.1,9.85
74055.461364039,Accelerometer,-0.31,-0.1,9.85
74055.653911644,Accelerometer,-0.3,-0.1,9.85
74055.846459144,Accelerometer,-0.31,-0.1,9.85
74056.039006644,Accelerometer,-0.31,-0.1,9.85
74056.231554144,Accelerometer,-0.31,-0.11,9.85
74056.616649248,Accelerometer,-0.3,-0.1,9.85
74056.809196748,Accelerometer,-0.3,-0.1,9.85
74057.001744248,Accelerometer,-0.3,-0.11,9.85
74057.194291852,Accelerometer,-0.3,-0.1,9.85
74057.386839352,Accelerometer,-0.3,-0.1,9.85
74057.579386852,Accelerometer,-0.3,-0.1,9.85
74057.771934352,Accelerometer,-0.3,-0.1,9.85
74057.964481852,Accelerometer,-0.3,-0.11,9.85
74058.157029352,Accelerometer,-0.3,-0.1,9.85
74058.349576956,Accelerometer,-0.31,-0.1,9.85
74058.542124456,Accelerometer,-0.3,-0.1,9.85
74058.734671956,Accelerometer,-0.31,-0.1,9.85
74058.927219456,Accelerometer,-0.3,-0.1,9.85
74059.119766956,Accelerometer,-0.3,-0.11,9.85
74059.312314456,Accelerometer,-0.31,-0.11,9.85
74059.504861956,Accelerometer,-0.31,-0.1,9.85
74059.697409456,Accelerometer,-0.3,-0.1,9.85
74059.889956956,Accelerometer,-0.3,-0.1,9.85
74060.082504456,Accelerometer,-0.3,-0.11,9.85
74060.275051956,Accelerometer,-0.31,-0.1,9.85
74060.467599456,Accelerometer,-0.31,-0.11,9.85
74060.660146956,Accelerometer,-0.3,-0.11,9.85
74060.852694456,Accelerometer,-0.31,-0.1,9.85
74061.045241956,Accelerometer,-0.31,-0.1,9.85
74061.237789352,Accelerometer,-0.31,-0.1,9.85
74061.430336852,Accelerometer,-0.31,-0.11,9.85
74061.622884352,Accelerometer,-0.3,-0.1,9.85
74061.815431852,Accelerometer,-0.31,-0.11,9.85
74062.007979352,Accelerometer,-0.3,-0.11,9.85
74062.200526852,Accelerometer,-0.31,-0.11,9.85
74062.585621748,Accelerometer,-0.31,-0.11,9.85
74062.778169248,Accelerometer,-0.31,-0.11,9.85
74062.970716748,Accelerometer,-0.31,-0.11,9.85
74063.163264144,Accelerometer,-0.31,-0.11,9.85
74063.355811644,Accelerometer,-0.31,-0.11,9.85
74063.548359144,Accelerometer,-0.31,-0.11,9.85
74063.740906644,Accelerometer,-0.31,-0.1,9.85
74063.933454039,Accelerometer,-0.3,-0.11,9.85
74064.126001539,Accelerometer,-0.31,-0.1,9.85
74064.318548935,Accelerometer,-0.31,-0.11,9.85
74064.511096435,Accelerometer,-0.31,-0.11,9.85
74064.703643831,Accelerometer,-0.31,-0.1,9.85
74064.896191331,Accelerometer,-0.31,-0.11,9.85
74065.088738727,Accelerometer,-0.31,-0.11,9.85
74065.281286227,Accelerometer,-0.31,-0.1,9.85
74065.473833623,Accelerometer,-0.3,-0.1,9.85
74065.666381123,Accelerometer,-0.3,-0.1,9.85
74065.858928519,Accelerometer,-0.31,-0.1,9.85
74066.051475914,Accelerometer,-0.3,-0.11,9.85
74066.244023414,Accelerometer,-0.31,-0.1,9.85
74066.43657081,Accelerometer,-0.31,-0.11,9.85
74066.629118206,Accelerometer,-0.31,-0.11,9.85
74066.821665706,Accelerometer,-0.31,-0.11,9.85
74067.014213102,Accelerometer,-0.3,-0.11,9.85
74067.206760498,Accelerometer,-0.31,-0.11,9.85
74067.399307894,Accelerometer,-0.3,-0.11,9.85
74067.591855289,Accelerometer,-0.31,-0.1,9.85
74067.784402789,Accelerometer,-0.31,-0.1,9.85
74067.976950185,Accelerometer,-0.31,-0.1,9.85
74068.169497581,Accelerometer,-0.3,-0.1,9.85
74068.362044977,Accelerometer,-0.3,-0.1,9.85
74068.554592373,Accelerometer,-0.3,-0.1,9.85
74068.747139769,Accelerometer,-0.3,-0.1,9.85
74068.939687164,Accelerometer,-0.3,-0.11,9.85
74069.13223456,Accelerometer,-0.31,-0.11,9.85
74069.324781956,Accelerometer,-0.3,-0.1,9.85
74069.517329352,Accelerometer,-0.31,-0.11,9.85
74069.706021748,Accelerometer,-0.31,-0.11,9.84
74069.899657321,Accelerometer,-0.31,-0.11,9.83
74070.093294977,Accelerometer,-0.31,-0.11,9.83
74070.286931487,Accelerometer,-0.31,-0.11,9.83
74070.480587529,Accelerometer,-0.31,-0.11,9.83
74070.674229873,Accelerometer,-0.31,-0.11,9.83
74070.867877216,Accelerometer,-0.31,-0.11,9.83
74071.0615168,Accelerometer,-0.31,-0.11,9.83
74071.255139821,Accelerometer,-0.31,-0.11,9.82
74071.448780758,Accelerometer,-0.31,-0.11,9.83
74071.642414508,Accelerometer,-0.31,-0.11,9.82
74071.8360543,Accelerometer,-0.31,-0.1,9.83
74072.029699925,Accelerometer,-0.31,-0.11,9.82
74072.416983519,Accelerometer,-0.31,-0.1,9.83
74072.610620029,Accelerometer,-0.31,-0.11,9.82
74072.804250185,Accelerometer,-0.31,-0.1,9.82
74072.997902529,Accelerometer,-0.31,-0.11,9.82
74073.191549248,Accelerometer,-0.31,-0.1,9.82
74073.38519331,Accelerometer,-0.31,-0.1,9.83
74073.5788268,Accelerometer,-0.31,-0.1,9.83
74073.772459248,Accelerometer,-0.31,-0.1,9.82
74073.966098102,Accelerometer,-0.31,-0.1,9.83
74074.159742529,Accelerometer,-0.31,-0.1,9.82
74074.353367633,Accelerometer,-0.31,-0.1,9.82
74074.546986487,Accelerometer,-0.31,-0.1,9.82
74074.740610237,Accelerometer,-0.31,-0.1,9.82
74074.934230029,Accelerometer,-0.31,-0.1,9.82
74075.127861331,Accelerometer,-0.3,-0.11,9.82
74075.321490498,Accelerometer,-0.31,-0.11,9.83
74075.515109248,Accelerometer,-0.31,-0.1,9.82
74075.708738496,Accelerometer,-0.31,-0.11,9.82
74075.902366985,Accelerometer,-0.31,-0.1,9.82
74076.095975423,Accelerometer,-0.31,-0.1,9.82
74076.289597975,Accelerometer,-0.31,-0.11,9.82
74076.483217037,Accelerometer,-0.31,-0.1,9.82
74076.676844381,Accelerometer,-0.31,-0.1,9.83
74076.870461881,Accelerometer,-0.31,-0.1,9.83
74077.064085006,Accelerometer,-0.31,-0.11,9.83
74077.257713808,Accelerometer,-0.31,-0.1,9.83
74077.45134261,Accelerometer,-0.31,-0.11,9.83
74077.644965319,Accelerometer,-0.31,-0.1,9.82
74077.838581516,Accelerometer,-0.31,-0.1,9.82
74078.032202819,Accelerometer,-0.31,-0.11,9.82
74078.419416464,Accelerometer,-0.31,-0.11,9.82
74078.613027037,Accelerometer,-0.3,-0.11,9.83
74078.806628912,Accelerometer,-0.31,-0.1,9.82
74079.000239381,Accelerometer,-0.31,-0.11,9.82
74079.193852766,Accelerometer,-0.31,-0.11,9.82
74079.387453444,Accelerometer,-0.31,-0.1,9.82
74079.581051829,Accelerometer,-0.31,-0.11,9.82
74079.774657298,Accelerometer,-0.31,-0.11,9.82
74079.96827511,Accelerometer,-0.3,-0.11,9.82
74080.161891621,Accelerometer,-0.3,-0.1,9.82
74080.35551386,Accelerometer,-0.31,-0.11,9.83
74080.549128652,Accelerometer,-0.31,-0.1,9.83
74080.74274985,Accelerometer,-0.31,-0.11,9.83
74080.936373339,Accelerometer,-0.31,-0.11,9.82
74081.129991621,Accelerometer,-0.31,-0.11,9.82
74081.323615006,Accelerometer,-0.31,-0.1,9.82
74081.51723886,Accelerometer,-0.31,-0.11,9.82
74081.710861985,Accelerometer,-0.31,-0.11,9.82
74081.904488444,Accelerometer,-0.31,-0.11,9.83
74082.098107871,Accelerometer,-0.31,-0.1,9.82
74082.291711152,Accelerometer,-0.31,-0.1,9.82
74082.485317089,Accelerometer,-0.31,-0.11,9.83
74082.678921673,Accelerometer,-0.31,-0.11,9.82
74082.87252886,Accelerometer,-0.31,-0.1,9.82
74083.06614985,Accelerometer,-0.31,-0.11,9.82
74083.259757714,Accelerometer,-0.31,-0.1,9.82
74083.453380475,Accelerometer,-0.31,-0.11,9.82
74083.646990683,Accelerometer,-0.31,-0.11,9.83
74083.840599329,Accelerometer,-0.3,-0.1,9.82
74084.034198756,Accelerometer,-0.31,-0.11,9.83
74084.227803756,Accelerometer,-0.31,-0.1,9.83
74084.421414798,Accelerometer,-0.31,-0.11,9.82
74084.615025631,Accelerometer,-0.31,-0.1,9.82
74084.808644746,Accelerometer,-0.31,-0.1,9.82
74085.002253964,Accelerometer,-0.31,-0.11,9.83
74085.195873131,Accelerometer,-0.31,-0.11,9.82
74085.389479641,Accelerometer,-0.31,-0.11,9.83
74085.583082402,Accelerometer,-0.31,-0.1,9.82
74085.776686985,Accelerometer,-0.31,-0.11,9.82
74085.970287037,Accelerometer,-0.3,-0.11,9.82
74086.163879433,Accelerometer,-0.31,-0.11,9.82
74086.357490891,Accelerometer,-0.31,-0.1,9.82
74086.5510886,Accelerometer,-0.31,-0.11,9.83
74086.744688183,Accelerometer,-0.31,-0.11,9.83
74086.938290735,Accelerometer,-0.31,-0.1,9.83
74087.131895319,Accelerometer,-0.31,-0.11,9.82
74087.325508235,Accelerometer,-0.31,-0.11,9.83
74087.519126464,Accelerometer,-0.31,-0.11,9.83
74087.712729381,Accelerometer,-0.31,-0.1,9.82
74087.906350631,Accelerometer,-0.3,-0.11,9.82
74088.099968391,Accelerometer,-0.31,-0.11,9.83
74088.293595579,Accelerometer,-0.31,-0.11,9.82
74088.487206204,Accelerometer,-0.31,-0.11,9.82
74088.680843652,Accelerometer,-0.31,-0.11,9.82
74088.874476725,Accelerometer,-0.31,-0.11,9.83
74089.068113652,Accelerometer,-0.3,-0.1,9.82
74089.261753548,Accelerometer,-0.31,-0.1,9.82
74089.455384589,Accelerometer,-0.31,-0.11,9.83
74089.649028704,Accelerometer,-0.3,-0.11,9.82
74089.842643131,Accelerometer,-0.31,-0.1,9.82
74090.036254694,Accelerometer,-0.31,-0.1,9.82
74090.22985485,Accelerometer,-0.31,-0.1,9.82
74090.423459121,Accelerometer,-0.31,-0.11,9.82
74090.617065371,Accelerometer,-0.31,-0.11,9.82
74090.810679537,Accelerometer,-0.31,-0.11,9.82
74091.004297662,Accelerometer,-0.7,-0.18,9.85
74091.197919277,Accelerometer,-0.0,-0.06,9.8
74091.39152636,Accelerometer,-0.2,-0.08,9.82
74091.585136881,Accelerometer,-0.34,-0.08,9.82
74091.778749225,Accelerometer,-0.22,-0.11,9.83
74091.972358652,Accelerometer,-0.23,-0.09,9.82
74092.16597011,Accelerometer,-0.28,-0.12,9.83
74092.35957261,Accelerometer,-0.18,-0.1,9.82
74092.553175891,Accelerometer,-0.18,-0.07,9.82
74092.746782766,Accelerometer,-0.35,-0.1,9.82
74092.940389016,Accelerometer,-0.24,-0.1,9.83
74093.133994641,Accelerometer,-0.35,-0.27,9.83
74093.327615371,Accelerometer,-0.15,0.09,9.81
74093.521223652,Accelerometer,-0.16,-0.13,9.85
74093.714848808,Accelerometer,-0.26,-0.05,9.81
74093.908475891,Accelerometer,-0.32,-0.09,9.82
74094.876600735,Accelerometer,-0.18,-0.1,9.82
74095.070216985,Accelerometer,-0.27,-0.09,9.82
74095.263841777,Accelerometer,-0.28,-0.09,9.81
74095.457462662,Accelerometer,-0.28,-0.1,9.82
74095.651061933,Accelerometer,-0.27,-0.11,9.82
74095.844677298,Accelerometer,-0.23,-0.07,9.82
74096.03828485,Accelerometer,-0.21,-0.1,9.82
74096.231902298,Accelerometer,-0.17,-0.08,9.82
